{"cameraMode":{"drawMode":0,"name":"Shaded","section":"Shading Mode"},"sceneLighting":false,"audioPlay":false,"sceneViewState":{"m_AlwaysRefresh":false,"showFog":true,"showSkybox":false,"showFlares":true,"showImageEffects":true,"showParticleSystems":true,"showVisualEffectGraphs":true,"m_FxEnabled":true},"in2DMode":false,"pivot":{"x":-28.211368560791017,"y":0.6333245038986206,"z":4.4596405029296879},"rotation":{"x":-0.03902823477983475,"y":-0.7178342342376709,"z":0.03987611457705498,"w":-0.6943557262420654},"size":0.8283116221427918,"orthographic":false}